Workbook

Sheet Sheet1
A2: MET001 | B2: LF81RDGP | C2: FJH326X | D2: 4038373 | E2: Scania
A3: MET001 | B3: LF81RTGP | C3: FWD458X | D3: 2702 | E3: Leader
A4: MET001 | B4: LF81RWGP | C4: FWD449X | D4: 2703 | E4: Leader
A5: MET002 | B5: LG68TMGP | C5: FNR448X | D5: 4040649 | E5: Scania
A6: MET002 | B6: LG68RZGP | C6: FYF131X | D6: 2944 | E6: Leader
A7: MET002 | B7: LG68SJGP | C7: FYF142X | D7: 2945 | E7: Leader
A8: MET003 | B8: LG68TTGP | C8: FNR449X | D8: 4040650 | E8: Scania
A9: MET003 | B9: LG68SRGP | C9: FYF140X | D9: 2948 | E9: Leader
A10: MET003 | B10: LG68TFGP | C10: FYF137X | D10: 2949 | E10: Leader
A11: MET004 | B11: LH63PJGP | C11: FTP843X | D11: 4044631 | E11: Scania
A12: MET004 | B12: LH63NWGP | C12: FYF143X | D12: 2946 | E12: Leader
A13: MET004 | B13: LH63PCGP | C13: FYF136X | D13: 2947 | E13: Leader
... A427: MET141 | B427: MV40ZCGP | C427: JHT524X | D427: 91380 | E427: FAW
A428: MET141 | B428: MV41BCGP | C428: JJL829X | D428: 0013 | E428: Leader
A429: MET141 | B429: MV41BJGP | C429: JJL830X | D429: 0014 | E429: Leader

Sheet Fleet
A1: Display nr | B1: Asset nr | C1: reg number | D1: Trailer 1 | E1: Trailer 2 | F1: Vin number | G1: Dekra service | H1: Type
A2: =B2& " - "&C2 -> MET001 - LF81RDGP | B2: MET001 | C2: LF81RDGP | D2: LF81RTGP | E2: LF81RWGP | F2: =_xlfn.XLOOKUP(B2,Sheet1!A:A,Sheet1!D:D) -> 4038373 | G2: Place holder | H2: Scania
A3: =B3& " - "&C3 -> MET002 - LG68TMGP | B3: MET002 | C3: LG68TMGP | D3: LG68RZGP | E3: LG68SJGP | F3: =_xlfn.XLOOKUP(B3,Sheet1!A:A,Sheet1!D:D) -> 4040649 | G3: Place holder | H3: Scania
A4: =B4& " - "&C4 -> MET002 - LY74JWGP | B4: MET002 | C4: LY74JWGP | D4: LY74HLGP | E4: LY74JBGP | F4: =_xlfn.XLOOKUP(B4,Sheet1!A:A,Sheet1!D:D) -> 4040649 | G4: Place holder | H4: FAW
A5: =B5& " - "&C5 -> MET003 - LG68TTGP | B5: MET003 | C5: LG68TTGP | D5: LG68SRGP | E5: LG68TFGP | F5: =_xlfn.XLOOKUP(B5,Sheet1!A:A,Sheet1!D:D) -> 4040650 | G5: Place holder | H5: Scania
A6: =B6& " - "&C6 -> MET004 - LH63PJGP | B6: MET004 | C6: LH63PJGP | D6: LH63NWGP | E6: LH63PCGP | F6: =_xlfn.XLOOKUP(B6,Sheet1!A:A,Sheet1!D:D) -> 4044631 | G6: Place holder | H6: Scania
A7: =B7& " - "&C7 -> MET005 - LJ12SCGP | B7: MET005 | C7: LJ12SCGP | D7: LH79LWGP | E7: LH78VMGP | F7: =_xlfn.XLOOKUP(B7,Sheet1!A:A,Sheet1!D:D) -> 4045688 | G7: Place holder | H7: Scania
A8: =B8& " - "&C8 -> MET006 - LJ44GXGP | B8: MET006 | C8: LJ44GXGP | D8: LJ44GGGP | E8: LJ44GNGP | F8: =_xlfn.XLOOKUP(B8,Sheet1!A:A,Sheet1!D:D) -> 4045433 | G8: Place holder | H8: Scania
A9: =B9& " - "&C9 -> MET007 - LJ76LDGP | B9: MET007 | C9: LJ76LDGP | D9: LJ76LSGP | E9: LJ76MCGP | F9: =_xlfn.XLOOKUP(B9,Sheet1!A:A,Sheet1!D:D) -> 4045687 | G9: Place holder | H9: Scania
A10: =B10& " - "&C10 -> MET008 - LK75CFGP | B10: MET008 | C10: LK75CFGP | D10: LK58ZNGP | E10: LK58ZHGP | F10: =_xlfn.XLOOKUP(B10,Sheet1!A:A,Sheet1!D:D) -> 4047598 | G10: Place holder | H10: Scania
A11: =B11& " - "&C11 -> MET009 - LK87CJGP | B11: MET009 | C11: LK87CJGP | D11: LT52FLGP | E11: LT52DVGP | F11: =_xlfn.XLOOKUP(B11,Sheet1!A:A,Sheet1!D:D) -> 4046829 | G11: Place holder | H11: Scania
A12: =B12& " - "&C12 -> MET010 - LK58ZTGP | B12: MET010 | C12: LK58ZTGP | D12: LK87DBGP | E12: LK87CPGP | F12: =_xlfn.XLOOKUP(B12,Sheet1!A:A,Sheet1!D:D) -> 4050232 | G12: Place holder | H12: Scania
A13: =B13& " - "&C13 -> MET011 - LN67SLGP | B13: MET011 | C13: LN67SLGP | D13: LN25GKGP | E13: LN25FTGP | F13: =_xlfn.XLOOKUP(B13,Sheet1!A:A,Sheet1!D:D) -> 101659 | G13: Place holder | H13: Scania
... A138: =B138& " - "&C138 -> MET136 - MN77XJGP | B138: MET136 | C138: MN77XJGP | D138: MN77XGGP | E138: MN77XFGP | F138: =_xlfn.XLOOKUP(B138,Sheet1!A:A,Sheet1!D:D) -> 4088818 | G138: Place holder | H138: Scania
A139: =B139& " - "&C139 -> MET137 - MS30WPGP | B139: MET137 | C139: MS30WPGP | D139: MS30WDGP | E139: MS30WJGP | F139: 4107907 | G139: Place holder | H139: Scania
A140: =B140& " - "&C140 -> MET138 - MS30WSGP | B140: MET138 | C140: MS30WSGP | D140: MS30VZGP | E140: MS30WBGP | F140: 4107906 | G140: Place holder | H140: Scania
A141: =B141& " - "&C141 -> MET139 - MS30WNGP | B141: MET139 | C141: MS30WNGP | D141: MS30WNGP | E141: MS30VXGP | F141: 4107905 | G141: Place holder | H141: Scania
A142: =B142& " - "&C142 -> MET140 - MS30WLGP | B142: MET140 | C142: MS30WLGP | D142: MS30VSGP | E142: MS30VTGP | F142: 4107904 | G142: Place holder | H142: Scania
A143: =B143& " - "&C143 -> MET141 - MV40ZCGP | B143: MET141 | C143: MV40ZCGP | D143: MV41BCGP | E143: MV41BJGP | F143: 91380 | G143: Place holder | H143: FAW

Sheet Employees
A1: NR for displayu | B1: Employee Number | C1: First Name | D1: Last Name | E1: License expires | F1: PDP expires | G1: Training last done
A2: =B2&" - "&C2 -> 002 - Cassius | B2: 002 | C2: Cassius | D2: Mpofu | E2: Place holders | F2: Place holders | G2: Place holders
A3: =B3&" - "&C3 -> 003 - Bongani | B3: 003 | C3: Bongani | D3: Mdlalose | E3: Place holders | F3: Place holders | G3: Place holders
A4: =B4&" - "&C4 -> 008 - William Felani | B4: 008 | C4: William Felani | D4: Mthombeni | E4: Place holders | F4: Place holders | G4: Place holders
A5: =B5&" - "&C5 -> 011 - Gwala | B5: 011 | C5: Gwala | D5: Buyelani | E5: Place holders | F5: Place holders | G5: Place holders
A6: =B6&" - "&C6 -> 012 - Paulos Sicelo | B6: 012 | C6: Paulos Sicelo | D6: Dube | E6: Place holders | F6: Place holders | G6: Place holders
A7: =B7&" - "&C7 -> 013 - Sibusiso Samuel | B7: 013 | C7: Sibusiso Samuel | D7: Theledi | E7: Place holders | F7: Place holders | G7: Place holders
A8: =B8&" - "&C8 -> 014 - Protus Lindokuhle | B8: 014 | C8: Protus Lindokuhle | D8: Mtshali | E8: Place holders | F8: Place holders | G8: Place holders
A9: =B9&" - "&C9 -> 020 - Donald Vussy | B9: 020 | C9: Donald Vussy | D9: Zulu | E9: Place holders | F9: Place holders | G9: Place holders
A10: =B10&" - "&C10 -> 021 - Akhona | B10: 021 | C10: Akhona | D10: Kama | E10: Place holders | F10: Place holders | G10: Place holders
A11: =B11&" - "&C11 -> 022 - Philani | B11: 022 | C11: Philani | D11: Ngcobo | E11: Place holders | F11: Place holders | G11: Place holders
A12: =B12&" - "&C12 -> 023 - Nkolo System | B12: 023 | C12: Nkolo System | D12: Phakathi | E12: Place holders | F12: Place holders | G12: Place holders
A13: =B13&" - "&C13 -> 024 - Bonginkosi | B13: 024 | C13: Bonginkosi | D13: Kunene | E13: Place holders | F13: Place holders | G13: Place holders
... A183: =B183&" - "&C183 -> 250 - Vincent Lindani | B183: 250 | C183: Vincent Lindani | D183: Sibiya | E183: Place holders | F183: Place holders | G183: Place holders
